1111,radiolabel,fname,lname,address1,address2,city,state,zip,country,email,phone,dob,age,gender,tsize,dso,regNumber,bibNumber,memNumber,ipcNumber,teamName,hcName,hcPhone,hcEmail,classified,coachPresence,archery,fencing,field,swim,tableTennis,teams,track,weightlifting,other
Athlete,"Deacon Martin","Abraham Hopkins","477 South Fabien Street","Repellendus Eligend","Accusantium est veni",FL,65581,USA,kizo@mailinator.com,234407-9831,2007-07-20,9999,male,cMedium,amb,746,755,970,217,"Amethyst Hubbard","Lisandra Baird",34,jiloleh@mailinator.com,No,Yes,0,0,0,1,1,1,1,0,0
Coach,"Walter Alexander","Audrey Waller","48 First Court","Aute aut vero magni","Quo officia libero o",TN,531,USA,cobag@mailinator.net,21,1998-07-01,96,male,cLarge,sci,670,532,66,426,"Ethan Barnett","Leah Rosario",84,lajudib@mailinator.net,Yes,Yes,0,1,1,0,0,0,0,0,0
Official,"Branden Lopez","Melvin Peters","554 East Milton Drive","Eum adipisicing ipsu","Eiusmod consectetur",NY,68214,USA,rydosijum@mailinator.com,8,1992-08-24,32,male,cMedium,ba,404,749,983,201,"Honorato Peters","Erich Ballard",26,pagohon@mailinator.com,Yes,No,1,0,0,1,0,0,0,0,0
Official,"Donna Macias","Marcia Bullock","61 First Freeway","Dicta sit rem offic","Nulla ex doloremque",IL,3974,USA,simoto@mailinator.net,71,1979-06-12,68,other,cLarge,amb,117,213,533,519,"Scott Bauer","Boris Maynard",5,xygeqej@mailinator.com,Yes,No,1,1,0,0,1,1,1,0,1
Athlete,"Clayton Rios","Aiko Jensen","63 East Clarendon Extension","Minim dolorem ducimu","Officia quas molliti",GA,85235,USA,ksd@a,823745-2361,2019-05-07,1,other,xl,da,4,361,338,8,"Jena Harding","Kermit Pierce",23,tuguwuxado@mailinator.net,No,Yes,0,1,0,0,0,0,1,0,1
Head_Coach,"Elizabeth Mays","Ryder Martin","701 North Fabien Avenue","Adipisicing ratione","Quo quia hic exercit",AL,372,USA,zexydunupe@mailinator.com,61,1994-09-22,20,other,xxl,id,941,833,152,291,"Baxter Atkinson","Seth Flynn",54,zuzy@mailinator.com,No,Yes,1,0,1,0,1,1,0,0,1
Support_Staff,"Merritt Schneider","Alexander Fleming","702 First Freeway","Minim possimus quia","Placeat non vero om",NV,565,USA,jitavike@mailinator.com,9,2014-02-06,4,female,xxl,ba,310,304,69,273,"Sean Becker","Felicia Marquez",36,pybejuvic@mailinator.com,No,No,0,1,1,1,1,0,0,0,1
Head_Coach,"Britanney Whitley","Cedric Fuentes","75 Oak Parkway","Sint at cillum commo","Esse est officiis",WV,31860,USA,foja@mailinator.net,604-548-1857,2004-11-10,27,male,large,cp,284,184,615,893,"Tobias Gonzales","Serena Lindsay",75,cydululixo@mailinator.com,No,Yes,1,1,0,0,1,0,0,0,0
Coach,"Mallory Figueroa","Myles Williamson","75 West First Road","In eligendi cumque d","Tempora soluta ut su",MI,16739,USA,qusady@mailinator.com,9721372115,23/45/6789,1,male,xl,amb,757,306,998,315,"Lamar Andrews","Dominic Shepherd",2838836491,rozeni@mailinator.com,No,Yes,1,0,1,1,0,1,0,0,0
Official,"Hunter Decker","Shaeleigh Pope","79 Cowley Street","Aute aliquip sunt fu","Commodo aliqua Quia",TX,445343,USA,sosibaw@mailinator.net,82,1976-07-07,19,male,xxxl,amb,848,575,311,595,"Quemby Carver","Iliana Joseph",85,nysuliku@mailinator.net,No,No,0,0,1,1,1,1,1,0,0
Athlete,"Denton Cline","Lee Pope","799 West Old Drive","Est totam nulla cup","Dolore qui maiores n",OR,66321,USA,tipoba@mailinator.com,25,1983-09-27,7,female,cLarge,amb,595,441,113,653,"Alan Howe","Mohammad Knox",88,lofixabemy@mailinator.com,Yes,No,0,1,1,0,0,1,1,0,0
Head_Coach,"Erich Hensley","Kareem Parker","882 Milton Freeway","Fuga Nulla libero e","Sit dolore et iste",DE,51106,USA,lamuv@mailinator.com,226675-5936,2002-12-28,52,male,xxl,ot,910,106,801,226,"Halee Wilcox","Hermione Owen",97,jucyz@mailinator.net,Yes,Yes,0,1,1,1,0,1,1,0,0
Athlete,"Keiko Potter","Quinn Goodman","93 South Nobel Extension","Reiciendis deserunt","Fugiat maiores nisi",NJ,70627,USA,xotoguda@mailinator.com,97,1977-01-26,15,other,cMedium,ot,992,48,401,319,"Lucian Peterson","Jemima Tanner",83,jotyjo@mailinator.net,Yes,Yes,0,0,0,0,0,0,0,0,0
1115,Coach,Dacey,AbC,"70 Rocky Hague Court","Dolores dolores recu","Esse laboris placeat",MT,67678,USA,naxuno@mailinator.com,37,2002-05-10,59,male,xl,ds,249,991,804,563,"Gemma Harrington","Marny Bentley",92,sefafe@mailinator.net,No,No,1,1,1,1,1,1,1,1,1
1110,Athlete,Norman,Emerson,"87 West New Boulevard","Modi nobis quis maxi","Quos aut minim aut m",MT,68909,USA,tagogabywy@mailinator.com,31,1978-08-26,31,other,large,usatif,300,762,544,493,"Kathleen Carrillo","Heather Gibson",42,kakup@mailinator.net,0,0,1,1,,1,1,,1,,1
1114,Official,Reagan,Gallegos,"349 East Hague Court","Assumenda illo beata","Repudiandae ut quis",NY,44426,USA,cefizykufu@mailinator.com,72,2011-11-06,84,female,cLarge,ds,94,533,624,183,"Jaime Haynes","Xander Knowles",69,doxo@mailinator.com,1,1,,,,,,,,,
1118,Athlete,Macy,Guthrie,"25 East Second Freeway","Fuga Proident repe","Sint facere perferen",AR,37754,USA,dipen@mailinator.net,10,2017-03-01,81,other,cXL,wc,905,845,268,473,"Ezra Lara","Naomi Odom",30,sowuruh@mailinator.com,0,0,1,,1,1,,1,1,,
1112,Coach,Quinn,Singleton,"55 White Old Boulevard","Iusto totam repudian","Libero aut sed dicta",IN,12561,USA,guhefor@mailinator.com,68,1998-04-10,64,male,xl,id,306,203,41,974,"Igor Forbes","Beck Odom",91,tunib@mailinator.com,1,0,1,,1,1,1,1,1,,
1156,Support_Staff,Zenaida,Tyler,"86 Fabien Boulevard","Rerum aute soluta es","Nisi voluptate eum f",KS,12822,USA,lyze@mailinator.net,54,1988-11-15,32,female,cXL,sci,559,254,752,940,"Nathan Vance","Drew Jacobs",32,turivyn@mailinator.com,0,0,,,,,1,1,,,
1134,Athlete,Patience,Zeta,"46 North Milton Lane","Sit vero nemo sed q","Ullamco inventore vi",IA,70518,USA,qapa@mailinator.com,9,1996-04-03,31,female,cSmall,amb,454,602,474,341,"Neil Burton","Eden Mills",7,hadepef@mailinator.net,No,No,1,1,1,1,1,1,1,1,1
